TANGGAL,TX,RH_AVG,RR,FF_X,FF_AVG
20-03-2022,30.3,82,8888,15,3
21-03-2022,33.5,75,29.7,5,2
22-03-2022,31.6,85,0,5,2
23-03-2022,31.8,84,4,4,2
24-03-2022,32.5,82,15.2,6,3
25-03-2022,32.8,80,0,6,2
26-03-2022,32.2,84,-,6,2
27-03-2022,32.8,80,26,5,2
28-03-2022,33,84,8888,5,2
29-03-2022,32.1,78,5,6,2
30-03-2022,32,80,-,4,2
31-03-2022,29.5,88,8888,4,1
01-04-2022,32.4,83,6.8,8,2
02-04-2022,32.2,82,0.4,4,1
03-04-2022,30.9,87,8888,4,1
04-04-2022,32,79,31.5,5,1
05-04-2022,30.3,88,0,11,2
06-04-2022,33,83,70.1,4,2
07-04-2022,27.7,89,21.9,5,1
08-04-2022,31.6,83,3.5,7,2
09-04-2022,28,90,5.8,4,1
10-04-2022,30.5,90,19.6,4,1
11-04-2022,30.3,89,2.3,6,1
12-04-2022,31.6,87,10.2,5,1
13-04-2022,31,85,3.4,4,1
14-04-2022,32.1,80,0,6,2
15-04-2022,29.8,87,0,5,1
16-04-2022,31.8,82,21.7,5,2
17-04-2022,31.6,85,0,5,2
18-04-2022,32.4,85,13.4,4,1
19-04-2022,31.2,90,1,13,1
20-04-2022,30.5,86,64.8,4,1
21-04-2022,30.2,84,3.6,4,2
22-04-2022,32.8,80,8888,6,2
23-04-2022,32.6,80,0,6,2
24-04-2022,32.6,80,0,5,1
25-04-2022,32.8,80,0,5,2
26-04-2022,31.1,87,0.1,4,1
27-04-2022,29.8,92,1,4,1
28-04-2022,31.8,88,13.4,4,1
29-04-2022,32,83,9.4,7,2
30-04-2022,32.6,82,0.8,4,1
01-05-2022,31.2,81,0,5,2
02-05-2022,29.4,86,1,5,2
03-05-2022,30.3,85,1.8,5,2
04-05-2022,30.2,88,96,5,2
05-05-2022,32.2,82,0.5,5,2
06-05-2022,32.2,83,0,6,2
07-05-2022,32.7,85,6.5,5,2
08-05-2022,30.2,86,7.4,6,2
09-05-2022,32.2,82,8888,7,2
10-05-2022,32.9,78,-,6,2
11-05-2022,28.7,91,17.5,3,1
12-05-2022,33,75,4.1,9,2
13-05-2022,32.6,82,0,6,2
14-05-2022,33.2,86,8888,4,2
15-05-2022,32.2,85,42.3,4,1
16-05-2022,33.4,86,37.5,6,2
17-05-2022,32.4,80,12.8,5,2
18-05-2022,33.2,79,0,5,2
19-05-2022,32.4,88,0,5,2
20-05-2022,31.8,84,25.4,5,1
21-05-2022,32.6,82,1,5,2
22-05-2022,32.6,80,0,6,2
23-05-2022,33.7,79,0,6,2
24-05-2022,33.6,78,8888,4,2
25-05-2022,32.3,84,-,8,1
26-05-2022,33.7,84,25.5,5,1
27-05-2022,33.1,80,1.1,6,1
28-05-2022,32.2,79,8888,8,2
29-05-2022,32.4,75,8888,4,2
30-05-2022,34.1,73,0,4,1
31-05-2022,33.8,83,0,4,1
01-06-2022,31.4,90,10.3,3,1
02-06-2022,30.8,93,3.1,7,2
03-06-2022,30.4,86,120.9,4,1
04-06-2022,30.7,84,-,4,1
05-06-2022,31.6,86,2.1,6,2
06-06-2022,30.5,87,5.7,6,2
07-06-2022,30,86,23,5,1
08-06-2022,31.1,85,0.5,5,2
09-06-2022,28.7,91,7.7,4,1
10-06-2022,32.2,82,0.3,4,1
11-06-2022,30.9,82,5.1,5,2
12-06-2022,27.8,91,1,3,1
13-06-2022,32,85,1.5,4,1
14-06-2022,32.2,84,13.3,5,2
15-06-2022,31.5,83,13.2,5,2
16-06-2022,29.9,90,2.5,4,2
17-06-2022,29.5,85,9.3,3,1
18-06-2022,31.3,86,8888,3,1
19-06-2022,31.6,85,16,5,1
20-06-2022,26.7,95,47.2,4,1
21-06-2022,28.4,94,72.1,3,1
22-06-2022,29.6,88,42.6,5,2
23-06-2022,28.9,90,4.7,6,2
24-06-2022,30.1,86,13.8,5,2
25-06-2022,27.3,90,0.4,5,2
26-06-2022,31.3,83,0.8,5,2
27-06-2022,31.6,82,0.2,4,1
28-06-2022,31.8,87,8888,6,2
29-06-2022,31.2,81,1.7,6,2
30-06-2022,28.4,86,7.1,4,1
01-07-2022,31.1,81,1.1,6,2
02-07-2022,32.1,80,0,6,2
03-07-2022,32.4,79,0,5,2
04-07-2022,32.9,79,0,5,2
05-07-2022,31.8,88,0,4,2
06-07-2022,30.8,84,9.8,4,2
07-07-2022,32.6,80,0,5,2
08-07-2022,29.8,84,8.3,9,3
09-07-2022,32,82,2.1,5,2
10-07-2022,30.3,81,-,9,2
11-07-2022,32,81,8888,6,2
12-07-2022,31.7,79,0,8,3
13-07-2022,30.2,83,-,4,2
14-07-2022,32.9,85,8888,5,2
15-07-2022,32.9,85,20.6,6,2
16-07-2022,32.6,80,2.1,6,3
17-07-2022,32.6,80,-,5,2
18-07-2022,32.9,79,0,6,3
19-07-2022,32.9,79,0,6,3
20-07-2022,29.8,84,-,7,2
21-07-2022,-,83,30.8,4,2
22-07-2022,31,87,1.3,4,1
23-07-2022,30.8,87,3.6,4,1
24-07-2022,29.8,87,8.3,5,1
25-07-2022,29.7,87,24.4,6,2
26-07-2022,29,88,58.8,4,1
27-07-2022,31.9,80,0.2,6,3
28-07-2022,32.4,80,-,8,2
29-07-2022,32.7,82,0,8,3
30-07-2022,30.7,84,23.1,6,2
31-07-2022,32,80,8888,5,2
01-08-2022,30.7,88,-,5,2
02-08-2022,31,93,14.1,9,2
03-08-2022,30.1,84,114.7,9,2
04-08-2022,27.8,93,1.1,5,1
05-08-2022,29,83,40.6,4,2
06-08-2022,31.7,77,8888,7,2
07-08-2022,31.3,81,0,9,3
08-08-2022,32.1,77,0,8,3
09-08-2022,32.5,79,-,9,2
10-08-2022,32.4,81,0,8,3
11-08-2022,33,80,-,7,3
12-08-2022,32.1,90,8888,6,2
13-08-2022,30.7,89,41.9,7,2
14-08-2022,30.8,85,36.6,5,1
15-08-2022,32.2,81,5.5,6,2
16-08-2022,29.4,88,-,4,1
17-08-2022,32,80,12.6,9,3
18-08-2022,32.4,76,0,6,3
19-08-2022,31.9,81,-,7,2
20-08-2022,31.1,82,8888,6,2
21-08-2022,28.6,88,6.5,6,2
22-08-2022,31,82,5.8,5,2
23-08-2022,31.1,86,8888,5,2
24-08-2022,31.3,86,1.9,6,2
25-08-2022,30.6,84,0.8,12,3
26-08-2022,28.6,90,5.6,4,1
27-08-2022,30.6,89,13.9,6,2
28-08-2022,30.6,83,29.5,4,1
29-08-2022,31.4,84,1.4,6,2
30-08-2022,28.4,91,3,4,1
31-08-2022,31,85,24.1,5,2
01-09-2022,32.1,86,10.4,6,1
02-09-2022,28.6,88,30.9,5,2
03-09-2022,-,86,2.4,8,2
04-09-2022,31.4,84,3,7,1
05-09-2022,31.6,90,1.8,9,2
06-09-2022,31.3,90,38.5,7,2
07-09-2022,26.9,93,56.8,5,2
08-09-2022,30,86,15.1,4,1
09-09-2022,29.5,93,8888,3,1
10-09-2022,31,82,20.2,7,2
11-09-2022,32.4,82,0,8,3
12-09-2022,31.6,84,5.7,5,2
13-09-2022,28.8,92,0.2,4,2
14-09-2022,25.8,92,28.1,5,2
15-09-2022,31.2,83,6.1,7,2
16-09-2022,31.5,83,8888,6,2
17-09-2022,31.2,83,0,5,2
18-09-2022,28,94,6,10,2
19-09-2022,30.1,86,67.9,4,2
20-09-2022,29.5,88,0,4,1
21-09-2022,31.4,83,0,7,2
22-09-2022,27,91,0,10,2
23-09-2022,31.8,81,2.3,5,2
24-09-2022,30.9,82,-,7,3
25-09-2022,29.2,84,0,6,3
26-09-2022,30.9,84,8888,7,3
27-09-2022,30.4,90,8888,5,1
28-09-2022,31.1,84,13.7,6,2
29-09-2022,32.2,85,0,6,2
30-09-2022,32.8,81,0,7,2
01-10-2022,31.4,90,0,4,1
02-10-2022,30.2,90,54.2,5,2
03-10-2022,30,91,19,4,1
04-10-2022,29.9,92,71.2,5,1
05-10-2022,28.4,91,43.5,5,1
06-10-2022,31.2,90,2.8,9,2
07-10-2022,28.5,95,42.7,5,2
08-10-2022,29.2,89,9,5,2
09-10-2022,31.1,83,0.4,5,2
10-10-2022,28.8,89,7,5,2
11-10-2022,32,84,3.4,6,1
12-10-2022,28.6,83,46.2,4,2
13-10-2022,31.2,82,8888,10,2
14-10-2022,31.2,82,0,5,2
15-10-2022,31.4,80,9.4,6,2
16-10-2022,29.7,85,17.4,4,1
17-10-2022,30,87,1.6,5,2
18-10-2022,30.8,82,2.3,5,1
19-10-2022,-,84,0,5,1
20-10-2022,31.7,80,1.4,6,2
21-10-2022,30.2,88,0,7,1
22-10-2022,30.5,86,25.8,5,3
23-10-2022,29.6,86,2,6,2
24-10-2022,29.5,86,5,4,2
25-10-2022,30.3,86,1,4,2
26-10-2022,29.6,86,0.2,10,2
27-10-2022,31.5,78,14.7,6,2
28-10-2022,32,80,-,6,2
29-10-2022,30.7,80,8888,4,2
30-10-2022,32.3,84,0,6,2
31-10-2022,30.7,83,40.5,6,2
01-11-2022,27.3,93,8888,3,1
02-11-2022,32,82,13.4,4,2
03-11-2022,29.2,86,4.6,4,1
04-11-2022,32.1,81,3,7,2
05-11-2022,25.6,93,6,5,1
06-11-2022,28.5,92,21.2,7,1
07-11-2022,30.2,86,22.3,4,1
08-11-2022,29.2,93,8888,4,1
09-11-2022,26.2,96,29.6,7,2
10-11-2022,27.9,91,23.9,3,1
11-11-2022,30.2,85,2.2,5,1
12-11-2022,30,92,1.2,5,1
13-11-2022,27.8,94,32.4,6,1
14-11-2022,29.5,88,11.2,5,2
15-11-2022,30.7,83,24.2,5,2
16-11-2022,32,83,0,8,3
17-11-2022,29.8,85,13.9,6,1
18-11-2022,30.8,82,0.2,4,2
19-11-2022,-,91,0,6,1
20-11-2022,30.2,80,7.5,7,3
21-11-2022,31.8,79,7.5,10,2
22-11-2022,32,79,0,5,2
23-11-2022,28.3,88,10.5,4,1
24-11-2022,32,81,1.4,6,2
25-11-2022,28.6,85,33,3,1
26-11-2022,30.7,86,8888,3,1
27-11-2022,26.2,94,8888,12,1
28-11-2022,31,84,14.9,4,1
29-11-2022,30,90,5.8,8,2
30-11-2022,30.9,86,26.8,7,2
01-12-2022,29,89,25.6,4,1
02-12-2022,29.4,84,1.6,5,2
03-12-2022,29.8,84,0.1,7,1
04-12-2022,27.3,92,2.7,7,1
05-12-2022,31,93,3.8,6,1
06-12-2022,29.4,91,38.8,5,2
07-12-2022,31.2,82,8.9,4,2
08-12-2022,28.5,92,0.7,4,2
09-12-2022,28.2,88,3.8,4,1
10-12-2022,29.2,87,6.8,4,1
11-12-2022,25.8,94,6,4,1
12-12-2022,29.2,92,24.8,5,2
13-12-2022,28.1,94,47.3,7,2
14-12-2022,28.7,94,22.4,5,2
15-12-2022,27,93,36.6,6,2
16-12-2022,30.8,82,2.8,5,2
17-12-2022,30.5,89,0,4,1
18-12-2022,30.6,86,12.5,6,2
19-12-2022,28.7,88,22.2,7,3
20-12-2022,30,86,1.7,5,2
21-12-2022,29.8,84,0.2,6,3
22-12-2022,29.4,85,8888,6,4
23-12-2022,28.6,87,2.8,7,3
24-12-2022,29.5,76,0.8,10,4
25-12-2022,29.9,75,0,11,5
26-12-2022,30,78,0,9,4
27-12-2022,29.6,78,0,8,3
28-12-2022,28.8,80,0.4,6,3
29-12-2022,29.3,82,8888,8,4
30-12-2022,30,76,1.6,10,4
31-12-2022,30,75,1.6,13,6
01-01-2023,29.9,79,0,7,3
02-01-2023,30.3,80,0,12,4
03-01-2023,30.4,83,-,10,4
04-01-2023,27,91,15.1,6,3
05-01-2023,29.8,83,6.2,9,4
06-01-2023,31.6,78,0.1,5,3
07-01-2023,31,78,0,9,2
08-01-2023,31.7,77,0,6,3
09-01-2023,31.8,82,0,4,2
10-01-2023,30.5,84,0,4,1
11-01-2023,-,92,8888,10,1
12-01-2023,31.2,82,43.4,4,2
13-01-2023,30.7,87,0,3,1
14-01-2023,30.5,86,12.5,4,1
15-01-2023,32,82,8888,5,1
16-01-2023,30.1,79,2.7,7,3
17-01-2023,30.6,76,0,6,4
18-01-2023,30.4,80,-,7,4
19-01-2023,28.4,90,0.6,6,2
20-01-2023,29,88,15.6,8,3
21-01-2023,30.2,84,40.2,6,2
22-01-2023,29.6,86,0,8,2
23-01-2023,26,98,31.5,5,2
24-01-2023,25.1,98,76.4,4,2
25-01-2023,27,98,17.4,7,3
26-01-2023,26.6,96,131,10,3
27-01-2023,30.5,86,2.8,10,4
28-01-2023,-,99,0,9,5
29-01-2023,25.3,96,89.1,9,5
30-01-2023,29.1,91,6.2,9,5
31-01-2023,-,98,0.2,7,3
01-02-2023,29.2,90,14,6,3
02-02-2023,30.5,87,0,6,3
03-02-2023,30.7,89,10.4,12,3
04-02-2023,28,98,8888,5,2
05-02-2023,30.7,89,19.2,7,3
06-02-2023,31.6,80,0,5,2
07-02-2023,30.5,87,0,7,3
08-02-2023,31.2,87,0,8,3
09-02-2023,30.7,88,0,6,3
10-02-2023,30.8,84,0,6,4
11-02-2023,30.8,86,3,7,4
12-02-2023,29.9,94,19.5,6,2
13-02-2023,31,90,12.6,6,2
13-02-2023,31,90,12.6,6,2
14-02-2023,30.9,88,0,9,3
15-02-2023,28.7,93,2,7,2
16-02-2023,30,86,12.4,6,3
17-02-2023,30.7,85,0,6,3
18-02-2023,31.2,86,0,11,4
19-02-2023,31.8,83,0,8,4
20-02-2023,31.2,81,0,7,3
21-02-2023,31.5,78,0,8,4
22-02-2023,31.2,81,0,7,4
23-02-2023,32,78,0,9,5
24-02-2023,31.4,79,0,9,4
25-02-2023,30.2,82,-,8,4
26-02-2023,31.3,86,8888,8,4
27-02-2023,29.8,87,3.8,10,5
28-02-2023,-,98,7,8,4
01-03-2023,26.4,98,107.8,4,2
02-03-2023,30.1,94,12.4,8,3
03-03-2023,24.7,98,148.9,6,2
04-03-2023,24.6,98,77.3,10,4
04-03-2023,24.6,98,77.3,10,4
05-03-2023,27.5,93,171.6,6,3
06-03-2023,28.4,92,7.7,7,4
06-03-2023,28.4,92,7.7,7,4
07-03-2023,28.8,91,2.6,8,4
08-03-2023,30.8,87,1.6,7,4
09-03-2023,31.3,87,0,7,4
10-03-2023,28.2,95,0.2,6,3
11-03-2023,31,88,36.9,8,3
12-03-2023,30.9,85,8888,5,3
13-03-2023,30.1,82,8888,8,4
14-03-2023,30.5,86,0,7,4
15-03-2023,30.5,84,8888,6,3
16-03-2023,31.7,84,-,8,4
17-03-2023,31.3,86,0,7,3
18-03-2023,31.8,86,0,6,3
19-03-2023,30.2,92,0,6,3
20-03-2023,30.7,89,4.4,7,3
21-03-2023,31.4,91,0.5,4,1
22-03-2023,31.6,92,36.9,4,2
23-03-2023,33.1,87,13.5,6,2
24-03-2023,31.4,89,0,6,2
25-03-2023,30.3,95,8888,8,2
26-03-2023,31.6,89,35.2,4,2
27-03-2023,-,99,0,6,1
28-03-2023,33.4,81,14.5,5,2
29-03-2023,30.7,94,0,5,2
30-03-2023,31.9,86,18.2,7,3
31-03-2023,32.3,88,0,6,2
01-04-2023,32,89,8888,6,2
02-04-2023,32.7,87,0.2,5,2
03-04-2023,26.6,98,11,3,1
04-04-2023,32.9,85,8,5,1
05-04-2023,30.4,90,1.5,9,2
06-04-2023,30.8,89,1.8,6,1
07-04-2023,27.9,93,6.4,3,1
08-04-2023,31.1,90,0.1,4,2
09-04-2023,32.9,83,8888,8,3
10-04-2023,31.6,88,0,4,1
11-04-2023,33.2,84,5,5,2
12-04-2023,33.6,85,0,5,2
13-04-2023,31.9,91,0,4,1
14-04-2023,33,89,12.4,8,2
15-04-2023,32.4,88,0,5,2
16-04-2023,31.2,87,0,7,2
17-04-2023,32.3,86,8888,5,2
18-04-2023,33.2,84,-,4,2
19-04-2023,33.1,88,0,4,2
20-04-2023,30.3,91,3,4,1
21-04-2023,30.1,96,1.6,4,1
22-04-2023,32.7,91,26.3,4,1
23-04-2023,33.2,86,-,7,2
24-04-2023,32.4,90,-,3,1
25-04-2023,30.8,93,2,4,1
26-04-2023,32.5,88,4.9,5,1
27-04-2023,33.1,91,0,5,1
28-04-2023,31.2,94,11.4,3,1
29-04-2023,31.5,93,9.7,5,1
30-04-2023,30.9,93,4.5,5,1
30-04-2023,30.9,93,4.5,5,1
01-05-2023,33.2,85,3.8,5,2
02-05-2023,34,85,0,5,2
03-05-2023,33.3,92,0,4,1
03-05-2023,33.3,92,0,4,1
04-05-2023,32.2,94,32.2,5,1
05-05-2023,33.1,89,46.9,4,1
06-05-2023,31.7,88,-,5,2
06-05-2023,31.7,88,-,5,2
07-05-2023,30,90,13.4,5,3
07-05-2023,30,90,13.4,5,3
08-05-2023,33.7,86,0,8,3
08-05-2023,33.7,86,0,8,3
09-05-2023,32,86,3.6,4,2
10-05-2023,33.6,84,8888,5,2
10-05-2023,33.6,84,8888,5,2
11-05-2023,33.5,86,0,6,3
11-05-2023,33.5,86,0,6,3
12-05-2023,33.7,85,0,4,2
12-05-2023,33.7,85,0,4,2
13-05-2023,32.9,90,0,4,1
13-05-2023,32.9,90,0,4,1
14-05-2023,33.3,91,10,8,2
15-05-2023,32.2,88,17.5,4,1
15-05-2023,32.2,88,17.5,4,1
16-05-2023,30,94,-,6,1
17-05-2023,32.7,89,52.9,5,1
18-05-2023,32.2,84,8888,4,2
19-05-2023,31.5,89,0,5,2
20-05-2023,32.6,87,0,8,3
21-05-2023,-,97,0,5,1
22-05-2023,32.4,90,108,6,2
23-05-2023,29.7,92,-,5,2
24-05-2023,32.6,87,21.9,5,2
25-05-2023,32.6,85,0,11,3
26-05-2023,-,96,9.8,5,1
27-05-2023,31.6,91,5.2,5,1
28-05-2023,30.5,94,9.8,5,2
29-05-2023,31.4,92,8.6,5,1
30-05-2023,32.7,90,0.4,6,2
31-05-2023,32.3,86,0.5,5,2
01-06-2023,30.2,97,0,7,2
02-06-2023,32.2,88,26.2,5,2
03-06-2023,32.8,89,0,7,2
04-06-2023,32,92,0,13,2
05-06-2023,31.8,88,5.8,5,2
06-06-2023,28.9,93,0,4,1
07-06-2023,30.8,90,0.7,6,2
08-06-2023,32,87,13.5,6,2
09-06-2023,32.6,86,0,7,2
10-06-2023,32.2,86,0,6,3
11-06-2023,32.9,84,0,6,3
12-06-2023,32.2,91,-,6,3
13-06-2023,31.6,89,11.8,7,3
14-06-2023,30.2,95,0,7,2
15-06-2023,30.4,89,9,7,2
16-06-2023,32.1,85,13.5,5,2
17-06-2023,32.8,79,0,5,2
18-06-2023,31.6,85,0,4,2
19-06-2023,32.3,84,8888,4,1
20-06-2023,31.4,83,0.2,5,2
21-06-2023,31.6,85,0,5,2
22-06-2023,32.6,78,8888,5,2
23-06-2023,32.6,79,0,5,2
24-06-2023,31.8,82,0,7,2
25-06-2023,31,86,0,6,2
26-06-2023,29.8,86,40.2,5,2
27-06-2023,31.5,88,1.4,5,1
28-06-2023,30.3,89,24.6,5,2
29-06-2023,32.2,83,1,6,2
30-06-2023,28.9,90,0.5,8,2
01-07-2023,28.8,89,28.9,6,2
02-07-2023,31.4,87,1.2,5,2
03-07-2023,30.8,92,8888,5,2
04-07-2023,31.9,82,13.6,4,2
05-07-2023,31.2,84,0,3,1
06-07-2023,27.9,96,21.3,4,1
07-07-2023,31.7,82,1.8,5,2
08-07-2023,31.8,83,0,6,3
09-07-2023,31,88,0,4,2
10-07-2023,30.3,86,1.8,8,2
11-07-2023,-,96,6.3,4,1
12-07-2023,31.3,84,20.2,5,2
13-07-2023,32.9,82,0,4,2
14-07-2023,29,94,0,5,1
15-07-2023,30.9,85,60.8,4,2
16-07-2023,31.9,85,-,5,2
17-07-2023,31.3,84,-,7,3
18-07-2023,30.7,89,0.8,7,2
19-07-2023,30.6,87,4.5,6,3
20-07-2023,28.5,87,7.3,5,3
21-07-2023,31.5,84,0.2,6,2
22-07-2023,32.5,80,-,7,3
23-07-2023,31.1,83,0,6,2
24-07-2023,31.4,80,0.5,7,3
25-07-2023,32.2,78,-,6,2
26-07-2023,33.1,79,0,6,3
27-07-2023,32,80,-,7,3
28-07-2023,31.6,80,8888,10,4
29-07-2023,31.8,76,0,11,5
30-07-2023,31.8,73,0,10,5
31-07-2023,31.3,77,-,6,3
01-08-2023,32.1,80,-,5,2
02-08-2023,32.1,80,8888,6,3
03-08-2023,-,93,8888,8,2
04-08-2023,32.2,81,25.4,7,3
05-08-2023,32.2,81,1.6,7,2
06-08-2023,32.5,79,-,5,2
07-08-2023,31.8,81,0,8,3
08-08-2023,31.7,82,0,9,3
09-08-2023,32.3,78,0,8,3
10-08-2023,32.8,78,1.7,6,2
11-08-2023,32.5,78,0,6,3
12-08-2023,32,79,0,7,3
13-08-2023,32,74,8888,8,4
14-08-2023,31.8,77,0,9,4
15-08-2023,31.4,81,0,5,2
16-08-2023,31.8,84,8888,5,2
17-08-2023,30.5,90,7.2,4,1
18-08-2023,29,94,73.8,12,2
19-08-2023,30.2,92,18.6,5,2
20-08-2023,30.5,87,41.3,12,3
21-08-2023,30.4,87,0,4,2
22-08-2023,31.8,78,9,8,3
23-08-2023,32,80,0,5,3
24-08-2023,31.6,84,-,7,3
25-08-2023,31.6,86,1.8,7,3
26-08-2023,32.2,82,6.1,5,3
27-08-2023,32.4,80,0,4,3
28-08-2023,32,85,0,6,3
29-08-2023,31,80,11.2,5,3
30-08-2023,32.7,78,0,4,2
31-08-2023,31.7,78,-,6,2
01-09-2023,32.4,77,0,8,3
02-09-2023,32.7,77,-,6,3
03-09-2023,31.4,75,-,8,4
04-09-2023,32.6,72,0,7,4
05-09-2023,32.2,77,-,6,3
06-09-2023,31.9,86,0,7,3
07-09-2023,32.3,79,67.4,5,2
08-09-2023,33,78,-,6,3
09-09-2023,-,86,0,7,2
10-09-2023,31.3,88,1.8,7,2
11-09-2023,32.1,79,15.8,11,4
12-09-2023,31.8,80,1.7,8,4
13-09-2023,31.9,80,-,6,3
14-09-2023,32,78,-,5,3
15-09-2023,32.4,78,0,8,3
16-09-2023,32.7,79,-,5,3
17-09-2023,33.2,79,0,6,3
18-09-2023,30.8,87,8888,4,3
19-09-2023,32.8,80,8.4,5,2
20-09-2023,31.1,87,0,5,2
21-09-2023,31.7,81,24.2,7,3
22-09-2023,29.5,86,1,5,2
23-09-2023,31.4,82,2,5,2
24-09-2023,30.6,91,0,4,1
25-09-2023,31.4,84,44.5,7,2
26-09-2023,31.5,80,0,9,3
27-09-2023,32,78,0,7,3
28-09-2023,32.4,80,-,6,2
29-09-2023,32.5,82,0,6,2
30-09-2023,32,87,0,11,2
01-10-2023,31.7,86,1.5,13,2
02-10-2023,32.6,80,11.5,7,2
03-10-2023,31,87,-,13,2
04-10-2023,32.8,79,2.7,6,2
05-10-2023,33,78,0,5,2
06-10-2023,33.2,80,0,6,2
07-10-2023,32.6,79,0,6,2
08-10-2023,32.3,80,-,5,2
09-10-2023,32,80,-,5,2
10-10-2023,31.5,84,-,6,3
11-10-2023,30.9,85,7.2,5,2
12-10-2023,33,77,37.3,5,2
13-10-2023,33.1,79,0,6,2
14-10-2023,33.2,78,0,5,2
15-10-2023,33.2,77,0,6,2
16-10-2023,33.4,80,-,5,2
17-10-2023,34.1,76,0,5,2
18-10-2023,32.4,85,-,5,2
19-10-2023,32.6,78,1.3,5,2
20-10-2023,30.2,86,0,4,1
21-10-2023,31.3,87,1,4,1
22-10-2023,30.6,86,12.3,8,1
23-10-2023,31.4,86,19.7,4,1
24-10-2023,31,84,101.4,5,1
25-10-2023,31,85,34,4,1
26-10-2023,32.5,82,1.7,5,1
27-10-2023,31.8,82,0,3,1
28-10-2023,30,88,-,5,1
29-10-2023,32,83,4.3,4,1
30-10-2023,32.6,85,1.5,4,1
31-10-2023,32.8,80,12.8,4,2
01-11-2023,31.5,89,0.8,3,1
02-11-2023,31.2,84,20.4,2,1
03-11-2023,31.5,83,5.8,3,1
04-11-2023,32.4,81,9.9,5,1
05-11-2023,31.4,86,-,5,1
06-11-2023,32,87,3.9,4,1
07-11-2023,30.8,88,9.9,4,1
08-11-2023,27.1,94,42.9,6,1
09-11-2023,31.6,88,16,3,1
10-11-2023,32,84,94,5,1
11-11-2023,32.8,81,8888,5,1
12-11-2023,32.4,86,8888,4,1
13-11-2023,32.5,84,25.5,6,1
14-11-2023,30.4,90,0,4,1
15-11-2023,31.5,84,17.4,5,1
16-11-2023,30.6,86,8888,7,2
17-11-2023,31.1,88,36,3,1
18-11-2023,32.3,81,18.8,5,2
19-11-2023,29.6,90,9.6,5,2
20-11-2023,32.2,84,0.4,4,1
21-11-2023,30.3,91,4.2,7,2
22-11-2023,28.8,92,30,6,2
23-11-2023,30.9,88,56.9,3,2
24-11-2023,31.3,82,8888,5,2
25-11-2023,27.9,92,8888,4,1
26-11-2023,30.5,90,13.3,3,1
27-11-2023,27.1,94,23.5,3,1
28-11-2023,30.4,88,22,4,1
29-11-2023,30.9,88,1.4,4,1
30-11-2023,30,93,3,7,2
01-12-2023,30.7,91,157.1,4,1
02-12-2023,29.6,90,57.7,3,1
03-12-2023,28.5,88,0.9,5,1
04-12-2023,29.3,91,9.2,4,1
05-12-2023,30.6,89,6.1,2,1
06-12-2023,30.9,90,1.5,4,1
07-12-2023,31,85,62,4,2
08-12-2023,30.8,84,8888,5,2
09-12-2023,30,90,0,3,1
10-12-2023,28.5,90,13.6,3,2
11-12-2023,30.1,88,0,6,2
12-12-2023,28.9,89,2.4,3,1
13-12-2023,30.5,87,1,3,1
14-12-2023,31.9,89,3.7,4,1
15-12-2023,31.1,88,37.4,4,1
16-12-2023,31.4,84,8.3,8,2
17-12-2023,31.6,84,0,6,2
18-12-2023,29.4,92,15.8,4,1
19-12-2023,29.5,88,9.3,5,2
20-12-2023,30.1,85,13.8,6,2
21-12-2023,30,91,8888,5,3
22-12-2023,30.4,88,5.9,8,4
23-12-2023,-,96,4.6,3,1
24-12-2023,30.8,86,63.8,4,2
25-12-2023,30.6,85,0.2,7,3
26-12-2023,30.8,88,1.8,8,3
27-12-2023,26.5,96,35.8,5,2
28-12-2023,28.4,94,33.5,4,1
29-12-2023,31.2,87,35.2,5,2
30-12-2023,30.4,87,8888,8,3
31-12-2023,27.9,94,0.7,5,2
01-01-2024,-,96,27.4,5,1
02-01-2024,31.1,86,16.3,7,2
03-01-2024,29.9,90,2,13,3
04-01-2024,24.5,97,59.2,5,2
05-01-2024,28.3,92,134.3,11,3
06-01-2024,30.4,86,3,5,2
07-01-2024,25.8,96,5.3,3,1
08-01-2024,30.6,88,63.7,6,2
09-01-2024,29.7,88,3.8,4,2
10-01-2024,30.5,87,2.3,6,2
11-01-2024,29.9,88,7.5,5,3
12-01-2024,27.4,95,0.4,4,2
13-01-2024,28.3,89,58.2,6,2
14-01-2024,29.3,88,8888,10,4
15-01-2024,30.4,86,3.2,9,3
16-01-2024,28.2,92,7.3,8,2
17-01-2024,30.2,87,47.2,7,3
18-01-2024,28.7,89,1.7,7,3
19-01-2024,28.7,94,6.9,10,2
20-01-2024,25.9,92,66.2,5,2
21-01-2024,30.5,83,3,6,3
22-01-2024,30.7,85,-,3,2
23-01-2024,31,88,8888,5,2
24-01-2024,29.5,90,36.9,6,3
25-01-2024,28.6,94,14.5,7,2
26-01-2024,30.5,83,85.2,9,4
27-01-2024,30.9,84,8888,7,3
28-01-2024,30.4,83,6.5,8,4
29-01-2024,30.5,83,5.6,8,3
30-01-2024,30.5,82,1,6,3
31-01-2024,29.3,86,0,4,2
01-02-2024,30.1,84,8888,5,2
02-02-2024,31.6,82,8888,7,3
03-02-2024,31.7,81,0,8,3
04-02-2024,32,77,0,8,3
05-02-2024,32.8,80,0,6,3
06-02-2024,32.1,81,-,5,2
07-02-2024,31.2,83,0,5,2
08-02-2024,32.6,81,0,7,3
09-02-2024,31.6,82,-,6,3
10-02-2024,31.7,78,8888,7,3
11-02-2024,31.8,80,10.5,7,4
12-02-2024,27.6,88,26.9,9,3
13-02-2024,30.1,85,16,6,4
14-02-2024,30.6,86,5,7,3
15-02-2024,30.6,89,6.4,8,3
16-02-2024,30.1,88,15.2,6,3
17-02-2024,30.2,83,9.2,5,2
18-02-2024,32.1,81,-,5,2
19-02-2024,32.1,80,0,5,2
20-02-2024,32,82,-,5,2
21-02-2024,32.6,80,0,5,2
22-02-2024,31,85,0,5,1
23-02-2024,31,81,18.5,6,2
24-02-2024,31.4,79,-,6,2
25-02-2024,31.8,79,0,6,3
26-02-2024,31.9,82,0,6,3
27-02-2024,31.2,84,6,6,3
28-02-2024,31.4,79,6.9,6,3
29-02-2024,31.4,81,-,5,3
01-03-2024,32.4,80,8888,5,3
02-03-2024,31.5,83,0,5,3
03-03-2024,30.8,89,6.8,6,2
04-03-2024,30.8,90,23.4,5,2
05-03-2024,30.3,94,7,3,1
06-03-2024,31,91,36.1,4,1
07-03-2024,31.8,85,41.4,4,2
08-03-2024,29.9,91,0,4,1
09-03-2024,31.2,84,22.6,4,2
10-03-2024,30.5,82,0.5,7,4
11-03-2024,31.5,78,0.8,6,3
12-03-2024,31.6,77,3.5,7,3
13-03-2024,32.1,74,0,5,3
14-03-2024,31.8,78,0,7,3
15-03-2024,30.7,78,0,5,2
16-03-2024,32.2,79,-,5,2
17-03-2024,32,76,0,6,3
18-03-2024,32.2,80,0,5,2
19-03-2024,32.2,80,0,5,2
20-03-2024,31.5,78,8888,5,3
21-03-2024,34.4,77,0,5,2
22-03-2024,32.4,76,-,6,2
23-03-2024,33.6,76,0,5,2
24-03-2024,33.5,77,-,4,2
25-03-2024,33.6,76,0,4,2
26-03-2024,32.7,80,0,6,2
27-03-2024,32.9,78,4,5,2
28-03-2024,33,81,-,7,2
29-03-2024,33,78,0,7,3
30-03-2024,34,80,0.5,6,2
31-03-2024,32.4,83,0,3,1
01-04-2024,32.5,90,0.9,5,1
02-04-2024,32.6,87,11.3,3,1
03-04-2024,33.2,86,8.9,11,2
04-04-2024,31.5,92,23.4,4,1
05-04-2024,32.8,76,49.6,4,2
06-04-2024,33.2,80,0.2,5,2
07-04-2024,33.4,79,0,6,2
08-04-2024,33,87,0,4,1
09-04-2024,33.6,80,2.4,4,2
10-04-2024,31.4,87,8888,6,2
11-04-2024,31.9,88,4.7,4,2
12-04-2024,28.2,96,13.3,4,1
13-04-2024,31.6,85,12.6,5,2
14-04-2024,30.8,91,8888,4,1
15-04-2024,32,90,20.5,7,2
16-04-2024,32,93,0.8,6,2
17-04-2024,30.1,93,91,5,1
18-04-2024,31.8,86,17.1,3,1
19-04-2024,34.2,84,8888,6,1
20-04-2024,31.8,93,0,4,1
21-04-2024,32.2,86,71,4,1
22-04-2024,33.8,87,8888,4,1
23-04-2024,31.6,88,0.1,4,1
24-04-2024,32.4,85,15.2,4,1
25-04-2024,33.2,85,-,4,1
26-04-2024,32.7,85,0,4,1
27-04-2024,33.6,82,-,5,1
28-04-2024,32.9,86,0,6,2
29-04-2024,33.8,83,0,4,2
30-04-2024,31.8,86,0,3,1
01-05-2024,34,87,0,5,2
02-05-2024,32,91,18,4,1
03-05-2024,32.3,90,11.4,4,1
04-05-2024,-,96,2.7,8,2
05-05-2024,32.2,86,23.1,3,1
06-05-2024,31.8,86,0,3,1
07-05-2024,30.7,91,0,8,1
08-05-2024,29,94,37.7,3,1
09-05-2024,33,82,1.1,4,1
10-05-2024,32.8,92,0,4,1
11-05-2024,31.6,90,18.3,6,1
12-05-2024,32.1,89,2.4,4,1
13-05-2024,31.4,91,3.8,3,1
14-05-2024,32,90,1.8,5,1
15-05-2024,-,88,68.5,4,1
16-05-2024,31.8,90,0.3,6,2
17-05-2024,33.2,86,8888,4,1
18-05-2024,31.6,89,8888,4,2
19-05-2024,32,93,4.2,6,2
20-05-2024,27.8,97,25.4,3,1
21-05-2024,31.6,93,4.4,4,1
22-05-2024,31.8,94,9.5,4,1
23-05-2024,31.2,91,53.3,4,1
24-05-2024,28.8,94,31.6,3,1
25-05-2024,-,90,15,4,2
26-05-2024,32.2,88,15,4,1
27-05-2024,32,86,0,4,2
28-05-2024,32.4,86,8888,5,2
29-05-2024,32.7,87,0,6,2
30-05-2024,30.4,90,8888,6,1
31-05-2024,32.4,90,61.1,5,2
01-06-2024,28.7,93,40.5,5,2
02-06-2024,29.8,95,22.7,4,1
03-06-2024,31.6,87,50.8,6,1
04-06-2024,31.8,86,1.8,3,1
05-06-2024,32.8,81,8888,4,2
06-06-2024,32.4,86,0,5,1
07-06-2024,31.5,89,2.1,4,1
08-06-2024,32.4,88,3.3,5,1
09-06-2024,32.2,89,8.8,5,1
10-06-2024,31.8,88,1.9,6,2
11-06-2024,33.6,84,13.4,5,1
12-06-2024,32,87,7.7,5,1
13-06-2024,32.8,87,1.3,3,1
14-06-2024,32.6,89,4.9,11,2
15-06-2024,30.7,89,9,4,2
16-06-2024,31.2,88,17.2,5,2
17-06-2024,31.9,83,0.2,4,2
18-06-2024,31.6,89,8888,5,2
19-06-2024,31.2,90,25.6,4,1
20-06-2024,32,85,2.9,6,2
21-06-2024,28.2,93,16.5,6,3
22-06-2024,26.8,94,55.6,6,2
23-06-2024,32,83,43.9,6,2
24-06-2024,32.4,86,-,5,2
25-06-2024,33,84,-,5,1
26-06-2024,32.8,83,8888,4,2
27-06-2024,29.2,91,0,3,1
28-06-2024,31.3,85,0.3,4,1
29-06-2024,30.6,86,0,4,2
30-06-2024,28.6,87,8888,7,2
01-07-2024,32.3,88,8888,4,1
02-07-2024,30.2,90,18.6,3,1
03-07-2024,32.9,86,1.5,6,2
04-07-2024,32.1,83,25.5,5,2
05-07-2024,32,80,0.5,4,1
06-07-2024,30.2,88,0.5,4,2
07-07-2024,31.4,88,0.1,3,1
08-07-2024,28,0,-,5,1
09-07-2024,29.6,94,24.7,7,2
10-07-2024,31.8,86,31.1,5,2
11-07-2024,32,83,0,6,3
12-07-2024,30.8,87,0,5,2
13-07-2024,31.6,88,10.4,6,2
14-07-2024,31.6,82,8888,7,2
15-07-2024,32,84,1,8,3
16-07-2024,32,80,0,6,2
17-07-2024,32.2,85,0,6,2
18-07-2024,33,85,0,6,3
19-07-2024,32.1,86,0,6,3
20-07-2024,33.4,81,0,6,3
21-07-2024,33,79,0,8,3
22-07-2024,32.4,80,0,8,3
23-07-2024,32.6,81,0,6,3
24-07-2024,32.8,82,0,7,3
25-07-2024,33.2,77,0,7,3
26-07-2024,33.2,77,0,7,3
27-07-2024,32.9,80,0,7,3
28-07-2024,32.7,78,0,9,4
29-07-2024,33,77,0,7,3
30-07-2024,33,84,0,6,3
31-07-2024,33.6,76,0,7,2
01-08-2024,33.6,88,0,6,3
02-08-2024,32.4,86,6.8,6,2
03-08-2024,32.2,84,13.1,5,3
04-08-2024,32.6,85,0,7,2
05-08-2024,32.7,81,12.6,5,3
06-08-2024,32,81,0,7,3
07-08-2024,32.4,83,0,6,3
08-08-2024,33.6,81,8888,7,3
09-08-2024,32.2,81,8888,7,3
10-08-2024,30.3,91,8888,6,2
11-08-2024,29.8,84,6,5,2
12-08-2024,32.2,84,1,6,3
13-08-2024,32.5,78,0,7,4
14-08-2024,31.8,83,0,7,3
15-08-2024,31.1,90,19.6,6,2
16-08-2024,31.6,87,19.4,6,3
17-08-2024,31.6,85,8888,7,3
18-08-2024,31.6,90,7,6,2
19-08-2024,32.2,85,1.2,5,2
20-08-2024,31.3,93,1.1,6,2
21-08-2024,29.6,86,57.4,6,2
22-08-2024,32.8,85,0,5,2
23-08-2024,31.8,88,28.2,6,3
24-08-2024,27.7,91,66,6,2
25-08-2024,28,89,6.6,5,2
26-08-2024,32,85,3,6,2
27-08-2024,32.4,83,0,6,3
28-08-2024,31.6,82,3.3,6,2
29-08-2024,32.2,84,0,6,3
30-08-2024,32.6,82,0,5,3
31-08-2024,33.2,84,0,6,3
01-09-2024,33.3,82,0,6,3
02-09-2024,32.8,82,0,9,4
03-09-2024,33,80,0,8,3
04-09-2024,29.7,88,8888,6,2
05-09-2024,32.4,83,12.4,6,2
06-09-2024,31.9,82,0,7,3
07-09-2024,32.5,84,0,9,4
08-09-2024,32.8,87,0,6,2
09-09-2024,30.1,96,0.4,4,2
10-09-2024,30.9,85,30,6,3
11-09-2024,30.8,93,0,4,2
12-09-2024,30,86,12.8,9,4
13-09-2024,32.6,87,0,8,3
14-09-2024,30.8,84,16.5,6,2
15-09-2024,30.4,84,1.5,5,2
16-09-2024,32.2,85,0.3,6,3
17-09-2024,32.6,81,0,8,4
18-09-2024,32.8,76,11.2,7,3
19-09-2024,32.7,84,0.2,8,3
20-09-2024,32.6,82,8888,8,3
21-09-2024,29.9,87,9,4,2
22-09-2024,32.8,87,8888,6,2
23-09-2024,33.1,86,0.2,7,2
24-09-2024,30.4,91,0.4,3,1
25-09-2024,30.7,92,11.3,4,2
26-09-2024,29.5,85,11.6,8,3
27-09-2024,33.2,84,0,5,2
28-09-2024,32.2,87,0,5,2
29-09-2024,32.6,85,0,5,2
30-09-2024,32,90,0.1,4,2
01-10-2024,31.7,96,71.8,5,2
02-10-2024,31.6,86,34.2,6,2
03-10-2024,32.4,84,3.9,4,2
04-10-2024,30,96,0,5,2
05-10-2024,30.6,88,29,6,2
06-10-2024,28,93,8888,5,1
07-10-2024,31.5,88,25.9,5,2
08-10-2024,31.4,89,0,6,2
09-10-2024,31.1,91,0.6,7,2
10-10-2024,31,90,21.5,5,2
11-10-2024,30.6,94,4.5,3,1
12-10-2024,30,94,8888,4,1
13-10-2024,30.4,90,70.7,5,2
14-10-2024,27.8,94,4.6,4,2
15-10-2024,30,88,29.5,7,2
16-10-2024,31.2,86,7.8,7,2
17-10-2024,32,81,0,6,2
18-10-2024,32,87,8888,5,2
19-10-2024,32.3,87,8,5,2
20-10-2024,31.3,83,1.4,3,2
21-10-2024,33.5,84,0,4,2
22-10-2024,34,86,1.9,5,2
23-10-2024,31.8,89,0,6,2
24-10-2024,32.2,89,0.9,6,2
25-10-2024,32,86,3.2,6,2
26-10-2024,32.4,81,0,5,2
27-10-2024,33.4,82,0,5,2
28-10-2024,33.4,85,8888,7,2
29-10-2024,34,81,1,6,2
30-10-2024,34.4,83,0,6,2
31-10-2024,31.4,86,0,6,2
01-11-2024,33,84,3,6,2
02-11-2024,30,94,18.8,9,2
03-11-2024,30.6,95,77.9,3,1
04-11-2024,30.2,84,1.3,4,2
05-11-2024,31.6,85,0,5,2
06-11-2024,31,82,8888,7,2
07-11-2024,31,90,0,7,2
08-11-2024,32.6,79,1.6,6,2
09-11-2024,32.4,91,0,5,2
10-11-2024,33,85,4.3,6,2
11-11-2024,33,88,8.9,4,2
12-11-2024,31.8,86,9.1,5,2
13-11-2024,30.6,94,2,5,2
14-11-2024,30.4,93,84.5,6,2
15-11-2024,30.5,93,4.5,4,1
16-11-2024,31.2,94,8,3,1
17-11-2024,31.8,90,30.1,6,2
18-11-2024,26.8,97,37.7,4,2
19-11-2024,28.6,94,29.8,3,2
20-11-2024,28.4,92,7,4,2
21-11-2024,30.2,95,4.5,4,1
22-11-2024,29.7,97,36.4,4,2
23-11-2024,30.8,95,38,4,1
24-11-2024,27.8,94,23.9,2,1
25-11-2024,31,91,8888,3,1
26-11-2024,29.7,91,9.8,7,2
27-11-2024,28,94,5.7,6,2
28-11-2024,30.1,92,5.7,6,2
29-11-2024,27,95,60.1,5,2
30-11-2024,32.3,83,10.8,5,2
